airport,airport_name,total_flights,total_delays,total_delay_min,weather_min,carrier_min,nas_min,late_aircraft_min,n_carriers,delay_rate,avg_delay_min,lat,lon,state,region
ABE,"Allentown/Bethlehem/Easton, PA: Lehigh Valley International",3119.0,644.0,56965.0,6460.0,19892.0,6645.0,23937.0,5,0.20647643475472907,88.45496894409938,40.6521,-75.4408,PA,Northeast
ABI,"Abilene, TX: Abilene Regional",1168.0,306.0,20161.0,2166.0,3333.0,3384.0,11278.0,1,0.261986301369863,65.88562091503267,32.4113,-99.6819,TX,South
ABQ,"Albuquerque, NM: Albuquerque International Sunport",16391.0,3829.0,228157.0,9495.0,83810.0,25556.0,108933.0,12,0.23360380696723812,59.58657612953774,35.0402,-106.6094,NM,West
ABR,"Aberdeen, SD: Aberdeen Regional",487.0,93.0,8296.0,1939.0,5791.0,566.0,0.0,1,0.19096509240246407,89.20430107526882,,,,
ABY,"Albany, GA: Southwest Georgia Regional",488.0,116.0,10723.0,2045.0,7952.0,726.0,0.0,2,0.23770491803278687,92.4396551724138,,,,
ACK,"Nantucket, MA: Nantucket Memorial",1628.0,293.0,23299.0,2855.0,9621.0,4659.0,6164.0,5,0.17997542997542998,79.51877133105802,,,,
ACT,"Waco, TX: Waco Regional",729.0,158.0,10812.0,1896.0,4300.0,1259.0,3313.0,2,0.2167352537722908,68.43037974683544,,,,
ACV,"Arcata/Eureka, CA: California Redwood Coast Humboldt County",1076.0,247.0,19662.0,2812.0,6361.0,4904.0,5580.0,1,0.2295539033457249,79.60323886639677,,,,
ACY,"Atlantic City, NJ: Atlantic City International",2209.0,538.0,36323.0,1001.0,8567.0,13646.0,12711.0,1,0.24354911724762335,67.51486988847584,,,,
ADK,"Adak Island, AK: Adak",70.0,8.0,536.0,0.0,248.0,73.0,215.0,1,0.11428571428571428,67.0,,,,
ADQ,"Kodiak, AK: Kodiak Airport",546.0,86.0,4875.0,443.0,1404.0,493.0,2535.0,1,0.1575091575091575,56.68604651162791,,,,
AEX,"Alexandria, LA: Alexandria International",1282.0,195.0,13016.0,2267.0,5948.0,2261.0,2540.0,2,0.15210608424336974,66.74871794871795,,,,
AGS,"Augusta, GA: Augusta Regional at Bush Field",3425.0,657.0,50552.0,6945.0,18822.0,5988.0,18682.0,8,0.19182481751824818,76.94368340943683,,,,
AKN,"King Salmon, AK: King Salmon Airport",325.0,50.0,2084.0,126.0,936.0,246.0,776.0,2,0.15384615384615385,41.68,,,,
ALB,"Albany, NY: Albany International",10329.0,2479.0,184694.0,16756.0,71152.0,19044.0,77267.0,14,0.240003872591732,74.50342880193627,42.7483,-73.8017,NY,Northeast
ALO,"Waterloo, IA: Waterloo Regional",453.0,108.0,8197.0,509.0,1330.0,1209.0,5149.0,1,0.23841059602649006,75.89814814814815,,,,
ALW,"Walla Walla, WA: Walla Walla Regional",484.0,72.0,3504.0,256.0,790.0,580.0,1878.0,1,0.1487603305785124,48.666666666666664,,,,
AMA,"Amarillo, TX: Rick Husband Amarillo International",3934.0,867.0,55673.0,5005.0,16403.0,7299.0,26959.0,5,0.22038637519064566,64.21337946943483,35.2194,-101.706,TX,South
ANC,"Anchorage, AK: Ted Stevens Anchorage International",15987.0,3702.0,190290.0,8635.0,56602.0,37103.0,85053.0,5,0.23156314505535747,51.40194489465154,61.1742,-149.9961,AK,West
APN,"Alpena, MI: Alpena County Regional",417.0,74.0,7468.0,1617.0,5273.0,578.0,0.0,1,0.1774580335731415,100.91891891891892,,,,
ART,"Watertown, NY: Watertown International",444.0,61.0,8846.0,1172.0,702.0,857.0,6112.0,2,0.1373873873873874,145.01639344262296,,,,
ASE,"Aspen, CO: Aspen Pitkin County Sardy Field",5666.0,1572.0,130847.0,18380.0,56469.0,27796.0,28024.0,1,0.27744440522414404,83.23600508905852,,,,
ATL,"Atlanta, GA: Hartsfield-Jackson Atlanta International",227270.0,42705.0,3449917.0,187882.0,1381929.0,577598.0,1297229.0,14,0.18790425485105822,80.78484954923312,33.6407,-84.4277,GA,South
ATW,"Appleton, WI: Appleton International",4796.0,1174.0,103268.0,19344.0,36713.0,13563.0,33608.0,6,0.24478732276897414,87.96252129471891,44.2581,-88.5191,WI,Midwest
AUS,"Austin, TX: Austin - Bergstrom International",57992.0,15108.0,968138.0,44648.0,323326.0,182256.0,416237.0,16,0.2605186922334115,64.08114906010061,30.1975,-97.6664,TX,South
AVL,"Asheville, NC: Asheville Regional",8899.0,1983.0,157911.0,13008.0,48531.0,31924.0,64320.0,13,0.22283402629508933,79.6323751891074,35.4362,-82.5418,NC,South
AVP,"Scranton/Wilkes-Barre, PA: Wilkes Barre Scranton International",1986.0,547.0,45277.0,6016.0,14445.0,5100.0,19616.0,7,0.2754279959718026,82.77330895795247,,,,
AZA,"Phoenix, AZ: Phoenix - Mesa Gateway",3984.0,664.0,63848.0,9015.0,25041.0,7024.0,22464.0,1,0.16666666666666666,96.1566265060241,,,,
AZO,"Kalamazoo, MI: Kalamazoo/Battle Creek International",1282.0,310.0,28558.0,4845.0,13714.0,1950.0,8049.0,3,0.24180967238689546,92.12258064516129,,,,
BDL,"Hartford, CT: Bradley International",15546.0,4073.0,284629.0,11379.0,107541.0,40241.0,125145.0,16,0.2619966550881256,69.88190522956052,41.9389,-72.6832,CT,Northeast
BET,"Bethel, AK: Bethel Airport",533.0,111.0,6249.0,821.0,2178.0,757.0,2493.0,2,0.20825515947467166,56.2972972972973,,,,
BFF,"Scottsbluff, NE: Western Neb. Regional/William B. Heilig Field",417.0,68.0,5240.0,638.0,1531.0,971.0,2100.0,1,0.1630695443645084,77.05882352941177,,,,
BFL,"Bakersfield, CA: Meadows Field",1673.0,347.0,27871.0,1893.0,10500.0,2638.0,12840.0,3,0.20741183502689778,80.31988472622479,,,,
BGM,"Binghamton, NY: Greater Binghamton/Edwin A. Link Field",245.0,39.0,3192.0,1169.0,878.0,210.0,935.0,1,0.15918367346938775,81.84615384615384,,,,
BGR,"Bangor, ME: Bangor International",3229.0,706.0,53936.0,9395.0,17435.0,9569.0,17512.0,8,0.2186435428925364,76.39660056657223,44.8074,-68.8281,ME,Northeast
BHM,"Birmingham, AL: Birmingham-Shuttlesworth International",12506.0,3107.0,210291.0,12714.0,68267.0,31607.0,97118.0,14,0.24844074844074845,67.68297392983585,33.5629,-86.7535,AL,South
BIH,"Bishop, CA: Bishop Airport",229.0,53.0,4434.0,583.0,1938.0,703.0,1210.0,1,0.2314410480349345,83.66037735849056,,,,
BIL,"Billings, MT: Billings Logan International",3474.0,687.0,44944.0,3083.0,17438.0,5126.0,19297.0,7,0.19775474956822106,65.42066957787482,45.8077,-108.5429,MT,West
BIS,"Bismarck/Mandan, ND: Bismarck Municipal",2509.0,481.0,32637.0,5270.0,14933.0,4019.0,8405.0,5,0.19170984455958548,67.85239085239085,,,,
BJI,"Bemidji, MN: Bemidji Regional",487.0,82.0,11454.0,1918.0,9144.0,392.0,0.0,1,0.16837782340862423,139.6829268292683,,,,
BLI,"Bellingham, WA: Bellingham International",1876.0,347.0,19408.0,523.0,5744.0,3217.0,9906.0,3,0.1849680170575693,55.930835734870314,,,,
BLV,"Belleville, IL: Scott AFB MidAmerica St Louis",791.0,173.0,13919.0,1391.0,6660.0,1311.0,4557.0,1,0.21871049304677623,80.45664739884393,,,,
BMI,"Bloomington/Normal, IL: Central Il Regional Airport at Bloomington",1702.0,370.0,32255.0,8009.0,5995.0,4811.0,13440.0,5,0.21739130434782608,87.17567567567568,,,,
BNA,"Nashville, TN: Nashville International",67221.0,14331.0,959001.0,46980.0,309330.0,147154.0,453361.0,17,0.21319230597581112,66.91794012978858,36.1245,-86.6782,TN,South
BOI,"Boise, ID: Boise Air Terminal",17634.0,3342.0,196774.0,11945.0,81183.0,25635.0,77289.0,10,0.18952024498128614,58.87911430281269,43.5644,-116.2228,ID,West
BOS,"Boston, MA: Logan International",95489.0,23452.0,1830760.0,73312.0,580785.0,456015.0,718667.0,16,0.24559896951481322,78.06413099096027,42.3656,-71.0096,MA,Northeast
BPT,"Beaumont/Port Arthur, TX: Jack Brooks Regional",488.0,72.0,6978.0,3157.0,1898.0,881.0,1011.0,2,0.14754098360655737,96.91666666666667,,,,
BQK,"Brunswick, GA: Brunswick Golden Isles",488.0,123.0,14095.0,3055.0,10299.0,684.0,57.0,2,0.2520491803278688,114.59349593495935,,,,
BQN,"Aguadilla, PR: Rafael Hernandez",1756.0,527.0,34456.0,1995.0,14325.0,6276.0,11748.0,3,0.3001138952164009,65.38140417457305,,,,
BRD,"Brainerd, MN: Brainerd Lakes Regional",435.0,64.0,4502.0,773.0,3363.0,366.0,0.0,1,0.1471264367816092,70.34375,,,,
BRO,"Brownsville, TX: Brownsville South Padre Island International",2143.0,405.0,30611.0,2880.0,12724.0,3533.0,10100.0,4,0.188987400839944,75.58271604938271,,,,
BRW,"Barrow, AK: Wiley Post/Will Rogers Memorial",279.0,62.0,3137.0,87.0,1509.0,279.0,1262.0,2,0.2222222222222222,50.596774193548384,,,,
BTM,"Butte, MT: Bert Mooney",461.0,46.0,3047.0,480.0,2359.0,106.0,0.0,1,0.09978308026030369,66.23913043478261,,,,
BTR,"Baton Rouge, LA: Baton Rouge Metropolitan/Ryan Field",4394.0,1027.0,82835.0,9545.0,26167.0,9557.0,37492.0,8,0.23372781065088757,80.6572541382668,30.5332,-91.1496,LA,South
BTV,"Burlington, VT: Burlington International",5667.0,1172.0,86919.0,9866.0,27393.0,13525.0,35968.0,14,0.20681136403740957,74.16296928327645,44.4719,-73.1533,VT,Northeast
BUF,"Buffalo, NY: Buffalo Niagara International",16063.0,3925.0,274548.0,18325.0,102838.0,35030.0,117996.0,15,0.24435037041648508,69.94853503184713,42.9405,-78.7322,NY,Northeast
BUR,"Burbank, CA: Bob Hope",19676.0,4120.0,228608.0,5131.0,73977.0,35256.0,113972.0,9,0.20939215287660093,55.4873786407767,34.2007,-118.359,CA,West
BWI,"Baltimore, MD: Baltimore/Washington International Thurgood Marshall",66384.0,14726.0,893567.0,32277.0,244000.0,181223.0,433321.0,14,0.22183056158110387,60.67954638055141,39.1774,-76.6684,MD,South
BZN,"Bozeman, MT: Bozeman Yellowstone International",7932.0,1666.0,105871.0,9139.0,39297.0,11556.0,45758.0,11,0.21003530005042864,63.548019207683076,45.7776,-111.153,MT,West
CAE,"Columbia, SC: Columbia Metropolitan",6716.0,1385.0,114810.0,10868.0,38246.0,13696.0,51873.0,10,0.206223942823109,82.89530685920577,33.9388,-81.1195,SC,South
CAK,"Akron, OH: Akron-Canton Regional",2349.0,627.0,53175.0,4123.0,19140.0,6154.0,23586.0,3,0.2669220945083014,84.80861244019138,,,,
CDC,"Cedar City, UT: Cedar City Regional",417.0,55.0,3883.0,415.0,3078.0,201.0,0.0,1,0.13189448441247004,70.6,,,,
CDV,"Cordova, AK: Merle K Mudhole Smith",486.0,97.0,5291.0,265.0,1467.0,747.0,2797.0,1,0.19958847736625515,54.54639175257732,,,,
CHA,"Chattanooga, TN: Lovell Field",5280.0,1085.0,70442.0,7579.0,21714.0,11790.0,29192.0,8,0.20549242424242425,64.92350230414746,,,,
CHO,"Charlottesville, VA: Charlottesville Albemarle",4334.0,710.0,52121.0,4682.0,15084.0,8619.0,23736.0,7,0.16382095062298108,73.40985915492958,,,,
CHS,"Charleston, SC: Charleston AFB/International",17693.0,3964.0,279288.0,13065.0,96331.0,40983.0,128437.0,16,0.2240434069971175,70.45610494450051,32.8986,-80.0405,SC,South
CID,"Cedar Rapids/Iowa City, IA: The Eastern Iowa",5579.0,1461.0,117063.0,13537.0,38311.0,12761.0,52395.0,13,0.261874887972755,80.12525667351129,,,,
CIU,"Sault Ste. Marie, MI: Chippewa County International",487.0,92.0,10214.0,1231.0,8345.0,638.0,0.0,1,0.188911704312115,111.02173913043478,,,,
CKB,"Clarksburg/Fairmont, WV: North Central West Virginia",169.0,42.0,3758.0,340.0,803.0,1469.0,1113.0,1,0.2485207100591716,89.47619047619048,,,,
CLE,"Cleveland, OH: Cleveland-Hopkins International",29154.0,6939.0,505321.0,27222.0,168073.0,71244.0,238162.0,18,0.2380119366124717,72.82331748090503,41.4117,-81.8498,OH,Midwest
CLL,"College Station/Bryan, TX: Easterwood Field",731.0,153.0,9807.0,2678.0,2185.0,1205.0,3699.0,2,0.20930232558139536,64.09803921568627,,,,
CLT,"Charlotte, NC: Charlotte Douglas International",167279.0,38683.0,3386429.0,200172.0,1051636.0,499375.0,1629949.0,15,0.2312483934026387,87.54308093994779,35.214,-80.9431,NC,South
CMH,"Columbus, OH: John Glenn Columbus International",28864.0,6340.0,432700.0,26896.0,142636.0,62902.0,199536.0,17,0.2196507760532151,68.24921135646687,39.998,-82.8919,OH,Midwest
CMI,"Champaign/Urbana, IL: University of Illinois/Willard",1065.0,283.0,20753.0,2570.0,3540.0,3250.0,11393.0,2,0.26572769953051645,73.3321554770318,,,,
CMX,"Hancock/Houghton, MI: Houghton County Memorial",487.0,127.0,14138.0,2880.0,3024.0,1129.0,7105.0,1,0.26078028747433263,111.32283464566929,,,,
CNY,"Moab, UT: Canyonlands Regional",31.0,6.0,922.0,36.0,437.0,16.0,433.0,1,0.1935483870967742,153.66666666666666,,,,
COD,"Cody, WY: Yellowstone Regional",646.0,150.0,13157.0,4234.0,3671.0,1538.0,3714.0,2,0.23219814241486067,87.71333333333334,,,,
COS,"Colorado Springs, CO: City of Colorado Springs Municipal",8604.0,2142.0,138213.0,9990.0,55142.0,17081.0,55760.0,8,0.2489539748953975,64.52521008403362,,,,
COU,"Columbia, MO: Columbia Regional",1423.0,395.0,26076.0,4187.0,5055.0,3792.0,13042.0,3,0.27758257203092057,66.01518987341773,,,,
CPR,"Casper, WY: Casper/Natrona County International",1606.0,322.0,29148.0,1340.0,14380.0,4146.0,9257.0,2,0.20049813200498132,90.52173913043478,,,,
CRP,"Corpus Christi, TX: Corpus Christi International",3954.0,872.0,63518.0,2820.0,18320.0,7447.0,34866.0,5,0.2205361659079413,72.84174311926606,27.7704,-97.5012,TX,South
CRW,"Charleston/Dunbar, WV: West Virginia International Yeager",2229.0,593.0,52121.0,10377.0,22364.0,5350.0,13955.0,3,0.2660385823239121,87.893760539629,,,,
CSG,"Columbus, GA: Columbus Airport",676.0,156.0,12524.0,2089.0,7913.0,1373.0,1149.0,2,0.23076923076923078,80.28205128205128,,,,
CVG,"Cincinnati, OH: Cincinnati/Northern Kentucky International",29579.0,6748.0,515578.0,31969.0,160485.0,73317.0,249410.0,17,0.228134825382873,76.4045643153527,39.0489,-84.6678,KY,South
CWA,"Mosinee, WI: Central Wisconsin",1162.0,250.0,26385.0,5839.0,6104.0,2876.0,11100.0,2,0.21514629948364888,105.54,,,,
CYS,"Cheyenne, WY: Cheyenne Regional/Jerry Olson Field",452.0,65.0,7604.0,1117.0,4420.0,514.0,1553.0,1,0.14380530973451328,116.98461538461538,,,,
DAB,"Daytona Beach, FL: Daytona Beach International",1943.0,375.0,24603.0,1467.0,9291.0,4746.0,9099.0,4,0.1930005146680391,65.608,,,,
DAL,"Dallas, TX: Dallas Love Field",48730.0,11001.0,650034.0,22640.0,162240.0,162808.0,300235.0,3,0.2257541555509953,59.08862830651759,32.8471,-96.8517,TX,South
DAY,"Dayton, OH: James M Cox/Dayton International",6551.0,1491.0,135717.0,14845.0,43661.0,16248.0,60848.0,10,0.2275988398717753,91.02414486921529,39.9024,-84.2194,OH,Midwest
DCA,"Washington, DC: Ronald Reagan Washington National",95751.0,21141.0,1709355.0,96451.0,525228.0,309599.0,774503.0,14,0.22079142776576746,80.85497374769406,38.8512,-77.0402,VA,South
DDC,"Dodge City, KS: Dodge City Regional",418.0,69.0,6185.0,732.0,2577.0,640.0,2236.0,1,0.16507177033492823,89.6376811594203,,,,
DEC,"Decatur, IL: Decatur Airport",570.0,137.0,13943.0,523.0,8657.0,931.0,3832.0,1,0.24035087719298245,101.77372262773723,,,,
DEN,"Denver, CO: Denver International",209093.0,43503.0,3195297.0,178100.0,1026867.0,622952.0,1364016.0,13,0.20805574552950123,73.45003792841872,39.8561,-104.6737,CO,West
DFW,"Dallas/Fort Worth, TX: Dallas/Fort Worth International",209988.0,55699.0,5129876.0,472915.0,1524026.0,846318.0,2279522.0,12,0.26524849038992704,92.09996588807698,32.8998,-97.0403,TX,South
DHN,"Dothan, AL: Dothan Regional",488.0,96.0,9592.0,1275.0,6708.0,636.0,973.0,2,0.19672131147540983,99.91666666666667,,,,
DIK,"Dickinson, ND: Dickinson - Theodore Roosevelt Regional",445.0,57.0,7319.0,505.0,3551.0,2915.0,348.0,1,0.12808988764044943,128.40350877192984,,,,
DLG,"Dillingham, AK: Dillingham Airport",331.0,44.0,2770.0,737.0,868.0,257.0,908.0,2,0.13293051359516617,62.95454545454545,,,,
DLH,"Duluth, MN: Duluth International",1409.0,296.0,22534.0,4509.0,9943.0,2356.0,5726.0,4,0.2100780695528744,76.12837837837837,,,,
DRO,"Durango, CO: Durango La Plata County",2593.0,480.0,32295.0,3336.0,14879.0,4899.0,9047.0,5,0.18511376783648284,67.28125,,,,
DSM,"Des Moines, IA: Des Moines International",10786.0,2690.0,202180.0,11277.0,63497.0,29068.0,98234.0,15,0.2493973669571667,75.15985130111524,41.534,-93.6631,IA,Midwest
DTW,"Detroit, MI: Detroit Metro Wayne County",87428.0,17278.0,1437995.0,119939.0,652971.0,203639.0,459514.0,18,0.19762547467630506,83.22693598796157,42.2124,-83.3534,MI,Midwest
DVL,"Devils Lake, ND: Devils Lake Regional",452.0,55.0,5504.0,1298.0,2335.0,284.0,1587.0,1,0.12168141592920353,100.07272727272728,,,,
EAT,"Wenatchee, WA: Pangborn Memorial",488.0,56.0,2458.0,43.0,879.0,187.0,1349.0,1,0.11475409836065574,43.892857142857146,,,,
ECP,"Panama City, FL: Northwest Florida Beaches International",6748.0,1588.0,103753.0,6318.0,34842.0,15985.0,46525.0,10,0.23532898636633076,65.33564231738035,30.3417,-85.7975,FL,South
EGE,"Eagle, CO: Eagle County Regional",2940.0,620.0,58081.0,3406.0,21204.0,8789.0,24649.0,4,0.2108843537414966,93.67903225806451,,,,
EKO,"Elko, NV: Elko Regional",244.0,25.0,6191.0,1422.0,4645.0,124.0,0.0,1,0.10245901639344263,247.64,,,,
ELM,"Elmira/Corning, NY: Elmira/Corning Regional",671.0,151.0,15778.0,3100.0,10301.0,2033.0,344.0,2,0.22503725782414308,104.49006622516556,,,,
ELP,"El Paso, TX: El Paso International",12877.0,3160.0,204181.0,9139.0,68639.0,19174.0,106908.0,11,0.24539877300613497,64.61424050632911,31.8072,-106.3779,TX,South
ERI,"Erie, PA: Erie International/Tom Ridge Field",632.0,114.0,7760.0,757.0,2147.0,1505.0,3351.0,1,0.18037974683544303,68.0701754385965,,,,
ESC,"Escanaba, MI: Delta County",417.0,65.0,4823.0,547.0,4070.0,206.0,0.0,1,0.15587529976019185,74.2,,,,
EUG,"Eugene, OR: Mahlon Sweet Field",5716.0,1167.0,69997.0,5196.0,23062.0,7619.0,34102.0,7,0.20416375087473757,59.9802913453299,44.1246,-123.211,OR,West
EVV,"Evansville, IN: Evansville Regional",2078.0,410.0,28176.0,5722.0,8799.0,4118.0,9484.0,6,0.1973051010587103,68.72195121951219,,,,
EWN,"New Bern/Morehead/Beaufort, NC: Coastal Carolina Regional",1308.0,176.0,14157.0,3119.0,1467.0,1361.0,8177.0,2,0.1345565749235474,80.4375,35.073,-77.0429,NC,South
EWR,"Newark, NJ: Newark Liberty International",95136.0,19450.0,1692754.0,113136.0,428351.0,599167.0,550908.0,13,0.20444416414396233,87.03105398457583,40.6895,-74.1745,NJ,Northeast
EYW,"Key West, FL: Key West International",5435.0,1243.0,100763.0,11471.0,26495.0,28858.0,33930.0,8,0.22870285188592457,81.06436041834272,,,,
FAI,"Fairbanks, AK: Fairbanks International",3646.0,796.0,39159.0,1662.0,17149.0,6340.0,13893.0,4,0.21832144816236973,49.19472361809045,,,,
FAR,"Fargo, ND: Hector International",4550.0,992.0,75030.0,15075.0,28549.0,8667.0,22727.0,8,0.21802197802197804,75.6350806451613,46.9207,-96.8158,ND,Midwest
FAT,"Fresno, CA: Fresno Yosemite International",7799.0,1796.0,106097.0,6157.0,39333.0,14625.0,45877.0,9,0.23028593409411463,59.07405345211581,36.7762,-119.7181,CA,West
FAY,"Fayetteville, NC: Fayetteville Regional/Grannis Field",1933.0,304.0,22404.0,3344.0,6257.0,2917.0,9849.0,5,0.15726849456802897,73.69736842105263,34.9912,-78.8803,NC,South
FCA,"Kalispell, MT: Glacier Park International",3535.0,669.0,41258.0,2942.0,18967.0,5498.0,13821.0,7,0.18925035360678924,61.6711509715994,,,,
FLG,"Flagstaff, AZ: Flagstaff Pulliam",1110.0,148.0,12206.0,4535.0,4889.0,1129.0,1653.0,1,0.13333333333333333,82.47297297297297,,,,
FLL,"Fort Lauderdale, FL: Fort Lauderdale-Hollywood International",63542.0,17083.0,1296614.0,43675.0,394319.0,374247.0,481537.0,10,0.2688458027761166,75.90083708950418,26.0742,-80.1506,FL,South
FLO,"Florence, SC: Florence Regional",510.0,66.0,4594.0,182.0,1231.0,406.0,2775.0,1,0.12941176470588237,69.60606060606061,,,,
FNT,"Flint, MI: Bishop International",1952.0,543.0,46149.0,8744.0,11209.0,5804.0,20390.0,4,0.2781762295081967,84.98895027624309,42.9655,-83.7436,MI,Midwest
FOD,"Fort Dodge, IA: Fort Dodge Regional",417.0,110.0,8985.0,372.0,3302.0,879.0,4432.0,1,0.2637889688249401,81.68181818181819,,,,
FSD,"Sioux Falls, SD: Joe Foss Field",5255.0,1227.0,86444.0,7624.0,31883.0,13465.0,33266.0,11,0.2334919124643197,70.45150774246129,43.582,-96.7419,SD,Midwest
FSM,"Fort Smith, AR: Fort Smith Regional",794.0,193.0,11951.0,1623.0,3806.0,1171.0,5348.0,2,0.24307304785894207,61.92227979274612,,,,
FWA,"Fort Wayne, IN: Fort Wayne International",4267.0,1021.0,87446.0,12967.0,31674.0,12602.0,30061.0,6,0.23927818139207874,85.64740450538687,,,,
GCC,"Gillette, WY: Northeast Wyoming Regional",489.0,78.0,5251.0,641.0,1821.0,1275.0,1514.0,1,0.15950920245398773,67.32051282051282,,,,
GCK,"Garden City, KS: Garden City Regional",488.0,130.0,9859.0,663.0,2084.0,1784.0,5328.0,2,0.26639344262295084,75.83846153846154,,,,
GEG,"Spokane, WA: Spokane International",13925.0,2965.0,173872.0,9915.0,73110.0,19618.0,71009.0,8,0.21292639138240574,58.64148397976391,47.6199,-117.5339,WA,West
GFK,"Grand Forks, ND: Grand Forks International",859.0,167.0,11999.0,2016.0,8024.0,1596.0,362.0,3,0.19441210710128057,71.8502994011976,,,,
GGG,"Longview, TX: East Texas Regional",487.0,100.0,8134.0,1776.0,3220.0,957.0,2181.0,2,0.2053388090349076,81.34,,,,
GJT,"Grand Junction, CO: Grand Junction Regional",2633.0,478.0,32770.0,5540.0,10782.0,4582.0,11832.0,6,0.18154196733763767,68.55648535564853,,,,
GNV,"Gainesville, FL: Gainesville Regional",2775.0,485.0,30399.0,3054.0,9169.0,6110.0,11985.0,5,0.17477477477477477,62.67835051546392,,,,
GPT,"Gulfport/Biloxi, MS: Gulfport-Biloxi International",2755.0,558.0,38991.0,6115.0,11992.0,5223.0,15572.0,7,0.20254083484573504,69.8763440860215,30.4073,-89.07,MS,South
GRB,"Green Bay, WI: Green Bay Austin Straubel International",3473.0,866.0,69012.0,10687.0,32462.0,7765.0,18073.0,8,0.24935214511949325,79.6905311778291,44.4851,-88.1296,WI,Midwest
GRI,"Grand Island, NE: Central Nebraska Regional",629.0,95.0,6070.0,1849.0,2586.0,797.0,838.0,2,0.151033386327504,63.89473684210526,,,,
GRK,"Killeen, TX: Robert Gray AAF",1141.0,294.0,22010.0,4494.0,7464.0,2253.0,7799.0,2,0.25766871165644173,74.8639455782313,,,,
GRR,"Grand Rapids, MI: Gerald R. Ford International",13297.0,3171.0,232173.0,18909.0,80249.0,28390.0,104401.0,14,0.2384748439497631,73.21759697256385,42.8808,-85.5228,MI,Midwest
GSO,"Greensboro/High Point, NC: Piedmont Triad International",9018.0,1840.0,128262.0,8829.0,38922.0,19787.0,60477.0,11,0.20403637170104236,69.70760869565217,36.0978,-79.9374,NC,South
GSP,"Greer, SC: Greenville-Spartanburg International",11117.0,2445.0,177572.0,13603.0,56320.0,26569.0,80754.0,13,0.21993343527930198,72.62658486707566,34.8957,-82.2189,SC,South
GST,"Gustavus, AK: Gustavus Airport",90.0,11.0,749.0,29.0,283.0,117.0,320.0,1,0.12222222222222222,68.0909090909091,,,,
GTF,"Great Falls, MT: Great Falls International",1889.0,272.0,23133.0,6793.0,9166.0,2086.0,5088.0,4,0.1439915299100053,85.04779411764706,,,,
GTR,"Columbus, MS: Golden Triangle Regional",488.0,60.0,5121.0,1035.0,1235.0,422.0,2429.0,1,0.12295081967213115,85.35,,,,
GUC,"Gunnison, CO: Gunnison-Crested Butte Regional",673.0,137.0,11922.0,2213.0,3343.0,2145.0,4132.0,3,0.20356612184249628,87.02189781021897,,,,
GUM,"Guam, TT: Guam International",488.0,60.0,2336.0,31.0,952.0,283.0,1070.0,1,0.12295081967213115,38.93333333333333,,,,
HDN,"Hayden, CO: Yampa Valley",1931.0,402.0,22023.0,2436.0,6804.0,4440.0,8343.0,8,0.20818228896944588,54.78358208955224,,,,
HGR,"Hagerstown, MD: Hagerstown Regional-Richard A. Henson Field",204.0,68.0,4767.0,396.0,2370.0,598.0,1403.0,1,0.3333333333333333,70.1029411764706,,,,
HHH,"Hilton Head, SC: Hilton Head Airport",1346.0,276.0,17513.0,2021.0,7232.0,3807.0,4377.0,2,0.2050520059435364,63.45289855072464,,,,
HIB,"Hibbing, MN: Range Regional",417.0,77.0,5969.0,662.0,4856.0,451.0,0.0,1,0.18465227817745802,77.51948051948052,,,,
HLN,"Helena, MT: Helena Regional",1332.0,166.0,14130.0,2303.0,6033.0,1211.0,4583.0,2,0.12462462462462462,85.12048192771084,,,,
HNL,"Honolulu, HI: Daniel K Inouye International",41536.0,7185.0,385393.0,11791.0,180291.0,52984.0,139248.0,6,0.17298247303543915,53.63855254001392,21.3187,-157.9224,HI,West
HOB,"Hobbs, NM: Lea County Regional",489.0,130.0,17456.0,3091.0,5323.0,2763.0,6279.0,2,0.2658486707566462,134.27692307692308,,,,
HOU,"Houston, TX: William P Hobby",38613.0,8951.0,526582.0,18861.0,133330.0,121354.0,251288.0,7,0.23181311993370107,58.829404535806056,29.6454,-95.2789,TX,South
HPN,"White Plains, NY: Westchester County",8310.0,2092.0,172918.0,12060.0,68141.0,27027.0,65176.0,7,0.2517448856799037,82.6567877629063,,,,
HRL,"Harlingen/San Benito, TX: Valley International",3711.0,774.0,47233.0,2935.0,13614.0,4934.0,25749.0,6,0.2085691188358933,61.02454780361757,,,,
HSV,"Huntsville, AL: Huntsville International-Carl T Jones Field",8218.0,1687.0,117441.0,9532.0,40247.0,17732.0,49747.0,9,0.20528109028960817,69.61529342027268,34.6372,-86.7751,AL,South
HTS,"Ashland, WV: Tri-State/Milton J. Ferguson Field",856.0,179.0,12906.0,1604.0,3856.0,2016.0,5430.0,2,0.2091121495327103,72.10055865921788,,,,
HYA,"Hyannis, MA: Cape Cod Gateway",260.0,48.0,4128.0,34.0,1931.0,547.0,1616.0,2,0.18461538461538463,86.0,,,,
HYS,"Hays, KS: Hays Regional",461.0,108.0,12722.0,680.0,7450.0,730.0,3211.0,1,0.23427331887201736,117.79629629629629,,,,
IAD,"Washington, DC: Washington Dulles International",52012.0,8882.0,736293.0,48492.0,255501.0,117272.0,314909.0,14,0.17076828424209797,82.89720783607295,38.9531,-77.4565,VA,South
IAG,"Niagara Falls, NY: Niagara Falls International",289.0,51.0,3643.0,1046.0,1025.0,552.0,936.0,1,0.17647058823529413,71.43137254901961,,,,
IAH,"Houston, TX: George Bush Intercontinental/Houston",111632.0,24072.0,2123901.0,168793.0,643701.0,467727.0,842201.0,13,0.21563709330657876,88.2311814556331,29.9902,-95.3368,TX,South
ICT,"Wichita, KS: Wichita Dwight D Eisenhower National",7894.0,2008.0,143346.0,11869.0,52196.0,19284.0,59647.0,14,0.25437040790473775,71.38745019920319,37.6499,-97.4331,KS,Midwest
IDA,"Idaho Falls, ID: Idaho Falls Regional",2727.0,442.0,29998.0,3912.0,12745.0,3302.0,10019.0,4,0.16208287495416207,67.86877828054298,,,,
ILM,"Wilmington, NC: Wilmington International",6157.0,1327.0,94472.0,7198.0,26803.0,13964.0,46279.0,9,0.21552704239077472,71.19216277317257,34.2706,-77.9026,NC,South
IMT,"Iron Mountain/Kingsfd, MI: Ford",487.0,91.0,11215.0,2012.0,8766.0,437.0,0.0,1,0.1868583162217659,123.24175824175825,,,,
IND,"Indianapolis, IN: Indianapolis International",32061.0,7448.0,519187.0,26714.0,171897.0,76144.0,243505.0,17,0.2323071644677334,69.70824382384532,39.7173,-86.2944,IN,Midwest
INL,"International Falls, MN: Falls International Einarson Field",439.0,79.0,5827.0,977.0,4353.0,497.0,0.0,1,0.17995444191343962,73.75949367088607,,,,
ISP,"Islip, NY: Long Island MacArthur",3434.0,891.0,58428.0,1540.0,17879.0,7278.0,31693.0,2,0.25946418171228885,65.57575757575758,,,,
ITH,"Ithaca/Cortland, NY: Ithaca Tompkins International",968.0,172.0,14349.0,1060.0,4566.0,2744.0,5979.0,3,0.17768595041322313,83.42441860465117,,,,
ITO,"Hilo, HI: Hilo International",4562.0,673.0,26762.0,573.0,10914.0,451.0,14736.0,2,0.14752301622095573,39.76523031203566,,,,
JAC,"Jackson, WY: Jackson Hole",4080.0,865.0,63302.0,7655.0,22121.0,6917.0,26600.0,5,0.21200980392156862,73.1815028901734,,,,
JAN,"Jackson/Vicksburg, MS: Jackson Medgar Wiley Evers International",5932.0,1314.0,88216.0,8026.0,29115.0,12861.0,38163.0,8,0.22151045178691842,67.13546423135465,32.3112,-90.0759,MS,South
JAX,"Jacksonville, FL: Jacksonville International",20467.0,5272.0,377363.0,17448.0,132883.0,56798.0,169590.0,14,0.2575853813455807,71.57871775417298,30.4941,-81.6879,FL,South
JFK,"New York, NY: John F. Kennedy International",81836.0,19031.0,1679601.0,81437.0,603878.0,402573.0,589848.0,9,0.232550466787233,88.25605590878041,40.6413,-73.7781,NY,Northeast
JLN,"Joplin, MO: Joplin Regional",417.0,74.0,9960.0,0.0,4162.0,500.0,5298.0,1,0.1774580335731415,134.59459459459458,,,,
JMS,"Jamestown, ND: Jamestown Regional",389.0,46.0,3871.0,494.0,764.0,449.0,2164.0,1,0.11825192802056556,84.15217391304348,,,,
JNU,"Juneau, AK: Juneau International",3269.0,681.0,33196.0,957.0,12504.0,5430.0,14124.0,2,0.20832058733557662,48.74596182085169,,,,
JST,"Johnstown, PA: John Murtha Johnstown-Cambria County",488.0,109.0,11571.0,2328.0,4272.0,1125.0,3846.0,1,0.22336065573770492,106.1559633027523,,,,
KOA,"Kona, HI: Ellison Onizuka Kona International at Keahole",10952.0,1797.0,86867.0,997.0,40338.0,12346.0,32978.0,6,0.16407962016070124,48.340011129660546,,,,
KTN,"Ketchikan, AK: Ketchikan International",1759.0,289.0,14991.0,882.0,6228.0,1937.0,5944.0,2,0.1642978965321205,51.8719723183391,,,,
LAN,"Lansing, MI: Capital Region International",1478.0,384.0,33802.0,3977.0,16672.0,3841.0,9304.0,4,0.2598105548037889,88.02604166666667,,,,
LAR,"Laramie, WY: Laramie Regional",417.0,70.0,3889.0,491.0,1492.0,857.0,1049.0,1,0.16786570743405277,55.55714285714286,,,,
LAS,"Las Vegas, NV: Harry Reid International",125885.0,31059.0,2031645.0,74674.0,542600.0,524093.0,886130.0,13,0.24672518568534774,65.41244083840432,36.084,-115.1537,NV,West
LAW,"Lawton/Fort Sill, OK: Lawton-Fort Sill Regional",726.0,108.0,7625.0,1282.0,4016.0,905.0,1391.0,2,0.1487603305785124,70.60185185185185,,,,
LAX,"Los Angeles, CA: Los Angeles International",130061.0,27706.0,1947743.0,116714.0,780741.0,308179.0,735402.0,12,0.21302311992065262,70.30040424456796,33.9416,-118.4085,CA,West
LBB,"Lubbock, TX: Lubbock Preston Smith International",4779.0,1075.0,75901.0,5964.0,25793.0,8836.0,35058.0,6,0.22494245658087467,70.60558139534884,33.6636,-101.8228,TX,South
LBE,"Latrobe, PA: Arnold Palmer Regional",373.0,67.0,2947.0,61.0,1217.0,704.0,965.0,1,0.17962466487935658,43.985074626865675,,,,
LBF,"North Platte, NE: North Platte Regional Airport Lee Bird Field",417.0,72.0,4853.0,178.0,2269.0,509.0,1897.0,1,0.17266187050359713,67.40277777777777,,,,
LBL,"Liberal, KS: Liberal Mid-America Regional",356.0,59.0,4220.0,127.0,2590.0,407.0,1096.0,1,0.16573033707865167,71.52542372881356,,,,
LCH,"Lake Charles, LA: Lake Charles Regional",1281.0,229.0,17481.0,3480.0,7278.0,2001.0,4722.0,3,0.17876658860265418,76.33624454148472,,,,
LCK,"Columbus, OH: Rickenbacker International",712.0,146.0,10754.0,1368.0,4704.0,1945.0,2737.0,1,0.2050561797752809,73.65753424657534,,,,
LEX,"Lexington, KY: Blue Grass",6646.0,1531.0,118927.0,13653.0,44624.0,16311.0,44269.0,10,0.23036412879927776,77.67929457870673,38.0365,-84.6059,KY,South
LFT,"Lafayette, LA: Lafayette Regional Paul Fournet Field",3058.0,672.0,61432.0,7797.0,22803.0,6296.0,24360.0,6,0.2197514715500327,91.41666666666667,,,,
LGA,"New York, NY: LaGuardia",108873.0,22947.0,1919321.0,133726.0,554977.0,591466.0,636156.0,12,0.21076851009892258,83.64147818887001,40.7769,-73.874,NY,Northeast
LGB,"Long Beach, CA: Long Beach Airport",11849.0,1980.0,91743.0,2709.0,31515.0,9042.0,48205.0,4,0.16710270908937463,46.334848484848486,33.8177,-118.1516,CA,West
LIH,"Lihue, HI: Lihue Airport",10749.0,1597.0,71583.0,1130.0,29158.0,8546.0,32479.0,6,0.14857196018234253,44.82341891045711,,,,
LIT,"Little Rock, AR: Bill and Hillary Clinton Nat Adams Field",9805.0,2441.0,173253.0,11715.0,57991.0,25959.0,77516.0,14,0.24895461499235083,70.97623924621057,34.7294,-92.2243,AR,South
LNK,"Lincoln, NE: Lincoln Airport",1701.0,427.0,37953.0,3488.0,15350.0,4536.0,14579.0,4,0.25102880658436216,88.88290398126463,,,,
LRD,"Laredo, TX: Laredo International",1978.0,416.0,29697.0,3639.0,10198.0,4738.0,11122.0,4,0.2103134479271992,71.38701923076923,,,,
LSE,"La Crosse, WI: La Crosse Regional",620.0,154.0,12394.0,2358.0,2258.0,1664.0,6114.0,2,0.24838709677419354,80.48051948051948,,,,
LWS,"Lewiston, ID: Lewiston Nez Perce County",732.0,110.0,9313.0,686.0,5907.0,869.0,1759.0,1,0.15027322404371585,84.66363636363636,,,,
LYH,"Lynchburg, VA: Lynchburg Regional/Preston Glenn Field",1212.0,184.0,13726.0,4279.0,2397.0,1532.0,5518.0,1,0.15181518151815182,74.59782608695652,,,,
MAF,"Midland/Odessa, TX: Midland International Air and Space Port",7326.0,1623.0,106321.0,9298.0,36438.0,15404.0,44936.0,6,0.22153972153972154,65.50893407270486,31.9425,-102.2019,TX,South
MBS,"Saginaw/Bay City/Midland, MI: MBS International",1428.0,332.0,28716.0,4100.0,14855.0,3147.0,6614.0,2,0.23249299719887956,86.49397590361446,,,,
MCI,"Kansas City, MO: Kansas City International",34579.0,8107.0,512307.0,24189.0,177346.0,70013.0,239870.0,18,0.23444865380722404,63.19316639940792,39.2976,-94.7139,MO,Midwest
MCO,"Orlando, FL: Orlando International",110229.0,29153.0,2288544.0,76740.0,658856.0,611018.0,937612.0,9,0.2644766803654211,78.50114910986862,28.4312,-81.3081,FL,South
MCW,"Mason City, IA: Mason City Municipal",417.0,93.0,10523.0,768.0,3420.0,699.0,5636.0,1,0.22302158273381295,113.15053763440861,,,,
MDT,"Harrisburg, PA: Harrisburg International",6091.0,1280.0,102766.0,10021.0,30701.0,12034.0,49921.0,13,0.210146117222131,80.2859375,,,,
MDW,"Chicago, IL: Chicago Midway International",54188.0,11362.0,685019.0,26365.0,195249.0,101362.0,360515.0,5,0.20967741935483872,60.29035381094878,41.7868,-87.7522,IL,Midwest
MEI,"Meridian, MS: Key Field",417.0,96.0,12875.0,635.0,7862.0,339.0,4039.0,1,0.2302158273381295,134.11458333333334,,,,
MEM,"Memphis, TN: Memphis International",16315.0,3999.0,274963.0,16957.0,86108.0,38324.0,133161.0,16,0.2451118602513025,68.75793948487122,35.0424,-89.9767,TN,South
MFE,"Mission/McAllen/Edinburg, TX: McAllen International",4023.0,1108.0,94699.0,7364.0,38224.0,6152.0,42930.0,7,0.2754163559532687,85.46841155234657,26.1758,-98.2386,TX,South
MFR,"Medford, OR: Rogue Valley International - Medford",4211.0,700.0,39862.0,3648.0,17247.0,8851.0,10020.0,4,0.16623129897886488,56.94571428571429,,,,
MGM,"Montgomery, AL: Montgomery Regional",2176.0,434.0,34212.0,6790.0,11681.0,3885.0,11856.0,5,0.19944852941176472,78.82949308755761,32.3006,-86.3939,AL,South
MHK,"Manhattan/Ft. Riley, KS: Manhattan Regional",1092.0,253.0,17586.0,2619.0,2973.0,2250.0,9726.0,2,0.2316849816849817,69.5098814229249,,,,
MHT,"Manchester, NH: Manchester Boston Regional",4747.0,1028.0,66451.0,4994.0,19755.0,8446.0,33113.0,8,0.2165578259953655,64.64105058365759,,,,
MIA,"Miami, FL: Miami International",75086.0,19492.0,1665246.0,76869.0,541197.0,371627.0,671774.0,11,0.25959566363902725,85.43227990970655,25.7959,-80.287,FL,South
MKE,"Milwaukee, WI: General Mitchell International",20699.0,5074.0,364267.0,25193.0,138075.0,49509.0,150618.0,16,0.24513261510217885,71.79089475758771,42.9472,-87.8966,WI,Midwest
MLB,"Melbourne, FL: Melbourne Orlando International",1869.0,342.0,23403.0,1716.0,8320.0,5417.0,7816.0,3,0.18298555377207062,68.4298245614035,,,,
MLI,"Moline, IL: Quad Cities International",3508.0,887.0,69165.0,9841.0,21958.0,10270.0,27073.0,8,0.25285062713797035,77.97632468996618,,,,
MLU,"Monroe, LA: Monroe Regional",1312.0,248.0,16355.0,1369.0,6211.0,2027.0,6713.0,3,0.18902439024390244,65.9475806451613,,,,
MOB,"Mobile, AL: Mobile Regional",3404.0,705.0,51957.0,4405.0,18163.0,7173.0,22206.0,7,0.20710928319623972,73.69787234042553,30.6912,-88.2428,AL,South
MOT,"Minot, ND: Minot International",1563.0,270.0,26590.0,6959.0,11675.0,3124.0,4807.0,2,0.1727447216890595,98.48148148148148,,,,
MQT,"Marquette, MI: Marquette Sawyer Regional",634.0,164.0,16652.0,4510.0,2878.0,1457.0,7807.0,4,0.2586750788643533,101.53658536585365,,,,
MRY,"Monterey, CA: Monterey Regional",3032.0,611.0,40181.0,2312.0,14349.0,6728.0,16792.0,5,0.20151715039577836,65.76268412438625,,,,
MSN,"Madison, WI: Dane County Regional-Truax Field",8580.0,2247.0,171045.0,13343.0,58832.0,23051.0,75761.0,12,0.2618881118881119,76.1214953271028,43.1399,-89.3375,WI,Midwest
MSO,"Missoula, MT: Missoula Montana",3718.0,738.0,45860.0,6233.0,16169.0,7728.0,15715.0,9,0.19849381387842926,62.140921409214094,,,,
MSP,"Minneapolis, MN: Minneapolis-St Paul International",85358.0,17443.0,1353368.0,126901.0,595807.0,232059.0,397574.0,17,0.20435108601419902,77.5880295820673,44.8848,-93.2223,MN,Midwest
MSY,"New Orleans, LA: Louis Armstrong New Orleans International",33968.0,8789.0,564107.0,29114.0,182379.0,94690.0,256276.0,15,0.25874352331606215,64.18329730344749,29.9934,-90.258,LA,South
MTJ,"Montrose/Delta, CO: Montrose Regional",2166.0,472.0,29401.0,1377.0,10011.0,4452.0,13408.0,7,0.21791320406278855,62.29025423728814,,,,
MVY,"Martha's Vineyard, MA: Martha's Vineyard Airport",974.0,186.0,13309.0,235.0,4351.0,2476.0,6247.0,3,0.19096509240246407,71.55376344086021,,,,
MYR,"Myrtle Beach, SC: Myrtle Beach International",11707.0,2546.0,175939.0,11053.0,57995.0,35810.0,70567.0,15,0.21747672332792348,69.10408483896308,33.6797,-78.9283,SC,South
OAJ,"Jacksonville/Camp Lejeune, NC: Albert J Ellis",1741.0,272.0,20932.0,2981.0,5836.0,2010.0,10097.0,4,0.15623205054566341,76.95588235294117,34.8292,-77.6125,NC,South
OAK,"Oakland, CA: Metro Oakland International",28859.0,5694.0,293860.0,5034.0,89626.0,34811.0,163577.0,8,0.19730413389237325,51.60871092377942,37.7126,-122.2197,CA,West
OGG,"Kahului, HI: Kahului Airport",17921.0,2384.0,118648.0,2075.0,61231.0,11675.0,43455.0,6,0.13302829083198484,49.76845637583892,20.8986,-156.4305,HI,West
OKC,"Oklahoma City, OK: Will Rogers World",16214.0,3824.0,257153.0,22771.0,93995.0,32528.0,107801.0,13,0.2358455655606266,67.24712343096235,35.3931,-97.6007,OK,South
OMA,"Omaha, NE: Eppley Airfield",16148.0,4058.0,268736.0,20700.0,99202.0,35437.0,113074.0,14,0.25130047064651967,66.22375554460325,41.3032,-95.8941,NE,Midwest
OME,"Nome, AK: Nome Airport",487.0,90.0,5073.0,653.0,2259.0,571.0,1590.0,2,0.18480492813141683,56.36666666666667,,,,
ONT,"Ontario, CA: Ontario International",17502.0,3845.0,230287.0,8546.0,79721.0,18015.0,123508.0,11,0.21968917837961377,59.8925877763329,34.056,-117.6012,CA,West
ORD,"Chicago, IL: Chicago O'Hare International",209176.0,47027.0,4127016.0,315996.0,1271155.0,864513.0,1670476.0,17,0.22482024706467282,87.75843664277969,41.9742,-87.9073,IL,Midwest
ORF,"Norfolk, VA: Norfolk International",14984.0,3641.0,262430.0,21210.0,91774.0,44979.0,103870.0,17,0.2429925253603844,72.07635265037078,36.8946,-76.2012,VA,South
ORH,"Worcester, MA: Worcester Regional",972.0,193.0,13019.0,424.0,6148.0,2257.0,4168.0,3,0.19855967078189302,67.4559585492228,,,,
OTH,"North Bend/Coos Bay, OR: Southwest Oregon Regional",233.0,44.0,2895.0,395.0,654.0,439.0,1407.0,1,0.1888412017167382,65.79545454545455,,,,
OTZ,"Kotzebue, AK: Ralph Wien Memorial",486.0,70.0,4304.0,944.0,1745.0,355.0,1260.0,2,0.1440329218106996,61.48571428571429,,,,
PAE,"Everett, WA: Snohomish County",2067.0,492.0,25324.0,264.0,4016.0,4732.0,16312.0,2,0.23802612481857766,51.47154471544715,,,,
PBG,"Plattsburgh, NY: Plattsburgh International",323.0,77.0,4915.0,267.0,2557.0,1471.0,620.0,1,0.23839009287925697,63.83116883116883,,,,
PBI,"West Palm Beach/Palm Beach, FL: Palm Beach International",20114.0,5291.0,396697.0,15166.0,132327.0,103379.0,145393.0,10,0.2630506115143681,74.97580797580798,26.6832,-80.0956,FL,South
PDX,"Portland, OR: Portland International",47240.0,9758.0,578091.0,26003.0,202214.0,88658.0,259911.0,13,0.2065622353937341,59.242775158844026,45.5887,-122.5975,OR,West
PGD,"Punta Gorda, FL: Punta Gorda Airport",4212.0,1130.0,114899.0,9833.0,34641.0,32012.0,38246.0,1,0.26828110161443497,101.68053097345133,,,,
PGV,"Greenville, NC: Pitt Greenville",665.0,104.0,7393.0,1021.0,1329.0,917.0,4126.0,1,0.15639097744360902,71.08653846153847,,,,
PHF,"Newport News/Williamsburg, VA: Newport News/Williamsburg International",1016.0,160.0,13357.0,2046.0,2274.0,1261.0,7732.0,1,0.15748031496062992,83.48125,,,,
PHL,"Philadelphia, PA: Philadelphia International",80717.0,19019.0,1667172.0,80476.0,514413.0,248898.0,820638.0,17,0.23562570462232243,87.65823650034176,39.8744,-75.2424,PA,Northeast
PHX,"Phoenix, AZ: Phoenix Sky Harbor International",128445.0,27098.0,2025453.0,89316.0,765594.0,227161.0,938335.0,14,0.21096967573669664,74.7454793711713,33.4342,-112.0116,AZ,West
PIA,"Peoria, IL: General Downing - Peoria International",3055.0,713.0,55983.0,8760.0,13957.0,8411.0,24850.0,6,0.23338788870703764,78.51753155680224,,,,
PIB,"Hattiesburg/Laurel, MS: Hattiesburg-Laurel Regional",417.0,85.0,6834.0,981.0,2672.0,968.0,2213.0,1,0.2038369304556355,80.4,,,,
PIE,"St. Petersburg, FL: St Pete Clearwater International",5763.0,1472.0,149555.0,14517.0,48488.0,35060.0,51271.0,1,0.2554225229914975,101.59986413043478,,,,
PIH,"Pocatello, ID: Pocatello Regional",488.0,42.0,5949.0,628.0,5218.0,103.0,0.0,1,0.0860655737704918,141.64285714285714,,,,
PIT,"Pittsburgh, PA: Pittsburgh International",30461.0,7044.0,489320.0,28251.0,160557.0,74381.0,224991.0,19,0.23124651193329174,69.46621237932993,40.4915,-80.2329,PA,Northeast
PLN,"Pellston, MI: Pellston Regional Airport of Emmet County",617.0,136.0,10913.0,1976.0,8593.0,344.0,0.0,1,0.22042139384116693,80.24264705882354,,,,
PNS,"Pensacola, FL: Pensacola International",9881.0,2520.0,178326.0,13488.0,53703.0,28985.0,81551.0,13,0.2550349154943832,70.76428571428572,30.4734,-87.1866,FL,South
PPG,"Pago Pago, TT: Pago Pago International",86.0,16.0,1387.0,110.0,1229.0,0.0,22.0,1,0.18604651162790697,86.6875,,,,
PQI,"Presque Isle/Houlton, ME: Presque Isle International",439.0,88.0,9846.0,2993.0,2028.0,968.0,3857.0,1,0.20045558086560364,111.88636363636364,,,,
PRC,"Prescott, AZ: Prescott Regional Ernest A Love Field",488.0,116.0,17629.0,1875.0,4613.0,657.0,10484.0,1,0.23770491803278687,151.97413793103448,,,,
PSC,"Pasco/Kennewick/Richland, WA: Tri Cities",3961.0,740.0,40220.0,6596.0,18255.0,6118.0,8829.0,5,0.18682150971976774,54.351351351351354,,,,
PSE,"Ponce, PR: Mercedita",749.0,220.0,16194.0,882.0,6692.0,2037.0,6554.0,2,0.2937249666221629,73.60909090909091,,,,
PSG,"Petersburg, AK: Petersburg James A Johnson",486.0,92.0,4522.0,145.0,1130.0,594.0,2653.0,1,0.18930041152263374,49.15217391304348,,,,
PSM,"Portsmouth, NH: Portsmouth International at Pease",250.0,34.0,2873.0,596.0,846.0,823.0,593.0,1,0.136,84.5,,,,
PSP,"Palm Springs, CA: Palm Springs International",9457.0,1925.0,111442.0,4669.0,38751.0,18918.0,48874.0,10,0.20355292376017764,57.89194805194805,33.8297,-116.5067,CA,West
PUW,"Pullman, WA: Pullman Moscow Regional",654.0,82.0,3134.0,97.0,1469.0,638.0,930.0,1,0.12538226299694188,38.21951219512195,,,,
PVD,"Providence, RI: Rhode Island Tf Green International",10722.0,2574.0,194562.0,13306.0,69786.0,22581.0,88578.0,15,0.2400671516508114,75.58741258741259,41.724,-71.4283,RI,Northeast
PVU,"Provo, UT: Provo Municipal",1280.0,312.0,35392.0,5799.0,14626.0,3605.0,11362.0,1,0.24375,113.43589743589743,,,,
PWM,"Portland, ME: Portland International Jetport",8137.0,1745.0,122768.0,6630.0,43437.0,19416.0,53256.0,15,0.2144525009217156,70.3541547277937,43.6462,-70.3093,ME,Northeast
RAP,"Rapid City, SD: Rapid City Regional",3397.0,710.0,53943.0,10436.0,18625.0,7785.0,17053.0,9,0.20900794818957905,75.97605633802817,,,,
RDD,"Redding, CA: Redding Regional",952.0,163.0,11124.0,1158.0,5111.0,1710.0,3145.0,2,0.17121848739495799,68.24539877300613,,,,
RDM,"Bend/Redmond, OR: Roberts Field",5132.0,942.0,66683.0,11281.0,21215.0,9336.0,24662.0,6,0.18355416991426343,70.78874734607218,,,,
RDU,"Raleigh/Durham, NC: Raleigh-Durham International",41469.0,10338.0,766391.0,34674.0,258133.0,102912.0,369571.0,15,0.24929465383780655,74.13339137163861,35.8776,-78.7875,NC,South
RFD,"Rockford, IL: Chicago/Rockford International",564.0,81.0,5647.0,1465.0,1957.0,1212.0,987.0,1,0.14361702127659576,69.71604938271605,,,,
RHI,"Rhinelander, WI: Rhinelander/Oneida County",576.0,123.0,8280.0,1323.0,6090.0,867.0,0.0,1,0.21354166666666666,67.3170731707317,,,,
RIC,"Richmond, VA: Richmond International",15766.0,3780.0,279012.0,17993.0,95335.0,38876.0,126121.0,17,0.23975643790435114,73.81269841269841,37.5052,-77.3197,VA,South
RIW,"Riverton/Lander, WY: Central Wyoming Regional",379.0,58.0,6658.0,934.0,3400.0,587.0,1737.0,1,0.15303430079155672,114.79310344827586,,,,
RKS,"Rock Springs, WY: Southwest Wyoming Regional",380.0,61.0,8043.0,665.0,4578.0,543.0,2257.0,1,0.16052631578947368,131.85245901639345,,,,
RNO,"Reno, NV: Reno/Tahoe International",14594.0,3180.0,185440.0,6505.0,68151.0,20655.0,89877.0,12,0.21789776620528983,58.314465408805034,39.499,-119.7681,NV,West
ROA,"Roanoke, VA: Roanoke Blacksburg Regional",4509.0,968.0,66844.0,7675.0,16774.0,14657.0,27697.0,9,0.21468174761587935,69.05371900826447,,,,
ROC,"Rochester, NY: Frederick Douglass Grtr Rochester International",10068.0,2181.0,156576.0,12038.0,56430.0,20495.0,67454.0,17,0.216626936829559,71.79092159559835,43.1186,-77.6724,NY,Northeast
ROW,"Roswell, NM: Roswell Air Center",604.0,109.0,9841.0,4316.0,3290.0,965.0,1214.0,2,0.1804635761589404,90.28440366972477,,,,
RST,"Rochester, MN: Rochester International",1482.0,377.0,35975.0,8233.0,11785.0,4374.0,11583.0,5,0.2543859649122807,95.42440318302387,,,,
RSW,"Fort Myers, FL: Southwest Florida International",24281.0,6068.0,428605.0,14941.0,126490.0,125133.0,161381.0,12,0.24990733495325562,70.63365194462756,26.5362,-81.7552,FL,South
SAF,"Santa Fe, NM: Santa Fe Municipal",2124.0,418.0,32217.0,5920.0,14725.0,3442.0,8130.0,3,0.1967984934086629,77.07416267942584,,,,
SAN,"San Diego, CA: San Diego International",63110.0,15135.0,871953.0,32420.0,279819.0,172019.0,385824.0,12,0.23981936301695453,57.61169474727453,32.7338,-117.1933,CA,West
SAT,"San Antonio, TX: San Antonio International",28349.0,7493.0,498382.0,21687.0,165855.0,74263.0,235638.0,12,0.264312674168401,66.51301214466835,29.5337,-98.4698,TX,South
SAV,"Savannah, GA: Savannah/Hilton Head International",14049.0,3181.0,229957.0,10803.0,78901.0,32332.0,107288.0,16,0.22642180938145065,72.290789060044,32.1276,-81.2021,GA,South
SBA,"Santa Barbara, CA: Santa Barbara Municipal",5171.0,1030.0,76056.0,8457.0,24487.0,7289.0,35695.0,8,0.19918777799265133,73.84077669902912,34.4262,-119.8403,CA,West
SBN,"South Bend, IN: South Bend International",4238.0,1055.0,91247.0,14471.0,46962.0,10832.0,18963.0,4,0.24893817838603113,86.49004739336493,,,,
SBP,"San Luis Obispo, CA: San Luis County Regional",3491.0,692.0,50927.0,3579.0,17655.0,6447.0,23122.0,5,0.198224004583214,73.59393063583815,,,,
SBY,"Salisbury, MD: Salisbury-Ocean City/Wicomico Regional",1108.0,169.0,13457.0,3422.0,2567.0,1365.0,6103.0,1,0.15252707581227437,79.62721893491124,,,,
SCC,"Deadhorse, AK: Deadhorse Airport",381.0,48.0,3100.0,634.0,1186.0,356.0,924.0,1,0.12598425196850394,64.58333333333333,,,,
SCE,"State College, PA: University Park",1874.0,343.0,28620.0,5609.0,7884.0,4427.0,10700.0,7,0.1830309498399146,83.4402332361516,,,,
SCK,"Stockton, CA: Stockton Metro",337.0,66.0,5773.0,1205.0,864.0,858.0,2663.0,1,0.19584569732937684,87.46969696969697,,,,
SDF,"Louisville, KY: Louisville Muhammad Ali International",17877.0,4159.0,295433.0,19773.0,101980.0,43634.0,129355.0,16,0.2326452984281479,71.03462370762202,38.174,-85.7361,KY,South
SEA,"Seattle, WA: Seattle/Tacoma International",124308.0,25489.0,1497259.0,87303.0,527826.0,294456.0,583266.0,12,0.20504714097242333,58.74137863392051,47.4502,-122.3088,WA,West
SFB,"Sanford, FL: Orlando Sanford International",6623.0,1787.0,174654.0,11091.0,63820.0,38260.0,61346.0,1,0.2698173033368564,97.73587017347509,,,,
SFO,"San Francisco, CA: San Francisco International",87705.0,29424.0,1957288.0,78358.0,507264.0,836894.0,532827.0,11,0.3354882845903882,66.52011963023382,37.6213,-122.379,CA,West
SGF,"Springfield, MO: Springfield-Branson National",6943.0,1706.0,114533.0,13331.0,36087.0,21250.0,43800.0,9,0.24571510874261845,67.13540445486518,,,,
SGU,"St. George, UT: St George Regional",1786.0,254.0,15948.0,3846.0,7395.0,1607.0,3100.0,1,0.1422172452407615,62.78740157480315,,,,
SHR,"Sheridan, WY: Sheridan County",487.0,70.0,6668.0,552.0,3223.0,523.0,2370.0,1,0.1437371663244353,95.25714285714285,,,,
SHV,"Shreveport, LA: Shreveport Regional",3784.0,792.0,67971.0,13775.0,19947.0,8146.0,26017.0,7,0.20930232558139536,85.8219696969697,32.4466,-93.8256,LA,South
SIT,"Sitka, AK: Sitka Rocky Gutierrez",1020.0,240.0,11909.0,1105.0,3794.0,1626.0,5300.0,2,0.23529411764705882,49.62083333333333,,,,
SJC,"San Jose, CA: Norman Y. Mineta San Jose International",33459.0,6349.0,345343.0,8948.0,108995.0,36657.0,190069.0,12,0.18975462506351057,54.39329028193416,37.3626,-121.929,CA,West
SJT,"San Angelo, TX: San Angelo Regional/Mathis Field",729.0,157.0,8609.0,1509.0,2651.0,1093.0,3356.0,2,0.21536351165980797,54.8343949044586,,,,
SJU,"San Juan, PR: Luis Munoz Marin International",24674.0,7005.0,522477.0,25203.0,207234.0,99107.0,189535.0,8,0.28390208316446464,74.58629550321199,18.4394,-66.0018,PR,South
SLC,"Salt Lake City, UT: Salt Lake City International",76357.0,12982.0,975029.0,85387.0,440192.0,98929.0,349308.0,12,0.17001715625286484,75.10622400246496,40.7899,-111.9791,UT,West
SLN,"Salina, KS: Salina Regional",470.0,96.0,9855.0,1945.0,3279.0,628.0,4003.0,1,0.20425531914893616,102.65625,,,,
SMF,"Sacramento, CA: Sacramento International",36918.0,7760.0,438691.0,14990.0,154963.0,47280.0,219917.0,12,0.2101955685573433,56.53234536082474,38.6954,-121.5908,CA,West
SMX,"Santa Maria, CA: Santa Maria Public/Capt. G. Allan Hancock Field",70.0,15.0,1305.0,154.0,186.0,393.0,572.0,1,0.21428571428571427,87.0,,,,
SNA,"Santa Ana, CA: John Wayne Airport-Orange County",29545.0,5528.0,311688.0,11768.0,112810.0,44540.0,142220.0,10,0.18710441699103064,56.383502170767,33.6757,-117.8682,CA,West
SPI,"Springfield, IL: Abraham Lincoln Capital",540.0,126.0,8170.0,707.0,1830.0,1078.0,4509.0,2,0.23333333333333334,64.84126984126983,,,,
SPN,"Saipan, TT: Francisco C. Ada Saipan International",244.0,8.0,391.0,0.0,370.0,21.0,0.0,1,0.03278688524590164,48.875,,,,
SPS,"Wichita Falls, TX: Sheppard AFB/Wichita Falls Municipal",484.0,80.0,6616.0,2718.0,2304.0,824.0,658.0,1,0.1652892561983471,82.7,,,,
SRQ,"Sarasota/Bradenton, FL: Sarasota/Bradenton International",11369.0,2640.0,190595.0,9286.0,59898.0,49350.0,71908.0,12,0.23221039669276103,72.19507575757575,27.3954,-82.5544,FL,South
STC,"St. Cloud, MN: St. Cloud Regional",112.0,9.0,457.0,0.0,239.0,196.0,22.0,1,0.08035714285714286,50.77777777777778,,,,
STL,"St. Louis, MO: St Louis Lambert International",45439.0,9779.0,624072.0,27880.0,194311.0,79307.0,321124.0,16,0.21521160236800985,63.81756825851314,38.7487,-90.37,MO,Midwest
STS,"Santa Rosa, CA: Charles M. Schulz - Sonoma County",2592.0,477.0,24122.0,1493.0,7462.0,5095.0,10028.0,5,0.1840277777777778,50.57023060796646,,,,
STT,"Charlotte Amalie, VI: Cyril E King",4176.0,885.0,64656.0,6663.0,22875.0,13878.0,20837.0,6,0.21192528735632185,73.05762711864406,,,,
STX,"Christiansted, VI: Henry E. Rohlsen",899.0,232.0,16807.0,1875.0,4305.0,3916.0,6640.0,4,0.25806451612903225,72.44396551724138,,,,
SUN,"Sun Valley/Hailey/Ketchum, ID: Friedman Memorial",1687.0,237.0,15426.0,2971.0,6525.0,2716.0,3214.0,2,0.14048606994665086,65.0886075949367,,,,
SUX,"Sioux City, IA: Sioux Gateway Brig Gen Bud Day Field",487.0,117.0,13426.0,1507.0,6290.0,1024.0,4605.0,1,0.2402464065708419,114.75213675213675,,,,
SWF,"Newburgh/Poughkeepsie, NY: New York Stewart International",281.0,49.0,5031.0,1003.0,2714.0,521.0,793.0,1,0.17437722419928825,102.6734693877551,,,,
SWO,"Stillwater, OK: Stillwater Regional",488.0,77.0,7220.0,3005.0,2307.0,765.0,1143.0,2,0.15778688524590165,93.76623376623377,,,,
SYR,"Syracuse, NY: Syracuse Hancock International",11170.0,2466.0,180266.0,12554.0,64746.0,28449.0,74333.0,17,0.2207699194270367,73.10056772100567,43.1112,-76.1063,NY,Northeast
TLH,"Tallahassee, FL: Tallahassee International",4597.0,968.0,58333.0,4462.0,17666.0,11628.0,24422.0,8,0.2105721122471177,60.26136363636363,30.3965,-84.3503,FL,South
TOL,"Toledo, OH: Eugene F Kranz Toledo Express",275.0,51.0,3944.0,422.0,1967.0,861.0,679.0,1,0.18545454545454546,77.33333333333333,,,,
TPA,"Tampa, FL: Tampa International",53867.0,14078.0,1025180.0,36583.0,311357.0,246363.0,429338.0,10,0.2613473926522732,72.82142349765591,27.9755,-82.5332,FL,South
TRI,"Bristol/Johnson City/Kingsport, TN: Tri Cities",2780.0,427.0,30976.0,3976.0,9177.0,3755.0,14024.0,7,0.15359712230215827,72.54332552693208,,,,
TTN,"Trenton, NJ: Trenton Mercer",1484.0,357.0,26915.0,1056.0,6625.0,4225.0,15009.0,1,0.24056603773584906,75.3921568627451,,,,
TUL,"Tulsa, OK: Tulsa International",12491.0,3035.0,212318.0,14790.0,73204.0,21998.0,102116.0,13,0.2429749419582099,69.95650741350906,36.1984,-95.8881,OK,South
TUS,"Tucson, AZ: Tucson International",12646.0,2807.0,178548.0,13346.0,70955.0,19678.0,74333.0,9,0.22196742052823026,63.60812255076594,32.1161,-110.941,AZ,West
TVC,"Traverse City, MI: Cherry Capital",3724.0,862.0,64911.0,8592.0,21185.0,9881.0,25164.0,13,0.23147153598281417,75.30278422273781,,,,
TWF,"Twin Falls, ID: Joslin Field - Magic Valley Regional",488.0,41.0,5219.0,997.0,4143.0,79.0,0.0,1,0.08401639344262295,127.29268292682927,,,,
TXK,"Texarkana, AR: Texarkana Regional-Webb Field",495.0,121.0,9868.0,1370.0,2633.0,875.0,4959.0,2,0.24444444444444444,81.55371900826447,,,,
TYR,"Tyler, TX: Tyler Pounds Regional",730.0,124.0,9813.0,1860.0,5497.0,1330.0,1126.0,2,0.16986301369863013,79.13709677419355,,,,
TYS,"Knoxville, TN: McGhee Tyson",12674.0,2947.0,226157.0,20368.0,75353.0,29531.0,100544.0,15,0.23252327599810635,76.74143196470988,35.811,-83.9941,TN,South
USA,"Concord, NC: Concord Padgett Regional",486.0,130.0,11803.0,2152.0,3351.0,2154.0,4135.0,1,0.2674897119341564,90.79230769230769,,,,
VCT,"Victoria, TX: Victoria Regional",418.0,73.0,10202.0,2094.0,5519.0,308.0,2281.0,1,0.17464114832535885,139.75342465753425,,,,
VEL,"Vernal, UT: Vernal Regional",52.0,8.0,552.0,49.0,327.0,90.0,86.0,1,0.15384615384615385,69.0,,,,
VLD,"Valdosta, GA: Valdosta Regional",488.0,81.0,6058.0,1235.0,2730.0,975.0,1118.0,2,0.16598360655737704,74.79012345679013,,,,
VPS,"Valparaiso, FL: Eglin AFB Destin Fort Walton Beach",6975.0,1610.0,116960.0,8068.0,37094.0,14295.0,57203.0,8,0.23082437275985662,72.64596273291926,30.4832,-86.5254,FL,South
WRG,"Wrangell, AK: Wrangell Airport",486.0,89.0,4253.0,222.0,342.0,422.0,3267.0,1,0.1831275720164609,47.78651685393258,,,,
WYS,"West Yellowstone, MT: Yellowstone",238.0,37.0,2889.0,19.0,2742.0,128.0,0.0,1,0.15546218487394958,78.08108108108108,,,,
XNA,"Fayetteville, AR: Northwest Arkansas National",9592.0,2143.0,144625.0,11368.0,45009.0,26281.0,61558.0,13,0.22341534612176814,67.4871675221652,36.2818,-94.3068,AR,South
XWA,"Williston, ND: Williston Basin International",1268.0,253.0,19278.0,3110.0,11534.0,1878.0,2739.0,1,0.1995268138801262,76.19762845849803,,,,
YAK,"Yakutat, AK: Yakutat Airport",486.0,95.0,4871.0,276.0,428.0,707.0,3449.0,1,0.19547325102880658,51.27368421052632,,,,
YKM,"Yakima, WA: Yakima Air Terminal/McAllister Field",487.0,58.0,2029.0,7.0,505.0,469.0,1033.0,1,0.11909650924024641,34.98275862068966,,,,
YUM,"Yuma, AZ: Yuma MCAS/Yuma International",1045.0,139.0,10645.0,532.0,6139.0,961.0,3013.0,2,0.13301435406698564,76.58273381294964,,,,
