state,n_airports,total_flights,total_delays,total_delay_min,weather_min,carrier_min,nas_min,late_aircraft_min,delay_rate,weather_share
PR,1,24674.0,7005.0,522477.0,25203.0,207234.0,99107.0,189535.0,0.28390208316446464,0.04836694627877922
CT,1,15546.0,4073.0,284629.0,11379.0,107541.0,40241.0,125145.0,0.2619966550881256,0.040023777197807996
FL,12,407156.0,105763.0,8126216.0,323044.0,2500632.0,2008808.0,3278234.0,0.2597603866822545,0.03982927282146907
KS,1,7894.0,2008.0,143346.0,11869.0,52196.0,19284.0,59647.0,0.25437040790473775,0.08300232174326555
LA,3,42146.0,10608.0,714913.0,52434.0,228493.0,112393.0,319785.0,0.25169648365206665,0.07352914367449394
NE,1,16148.0,4058.0,268736.0,20700.0,99202.0,35437.0,113074.0,0.25130047064651967,0.07711996065764326
IA,1,10786.0,2690.0,202180.0,11277.0,63497.0,29068.0,98234.0,0.2493973669571667,0.05580573645559096
WI,4,37548.0,9361.0,707592.0,68567.0,266082.0,93888.0,278060.0,0.24930755299882817,0.0970383401005099
TX,13,533365.0,131335.0,10517367.0,791300.0,3159628.0,1922422.0,4628056.0,0.24623850458879004,0.07535181479508553
MA,1,95489.0,23452.0,1830760.0,73312.0,580785.0,456015.0,718667.0,0.24559896951481322,0.04008794939136987
NV,2,140479.0,34239.0,2217085.0,81179.0,610751.0,544748.0,976007.0,0.24373037962969554,0.03668800574867186
RI,1,10722.0,2574.0,194562.0,13306.0,69786.0,22581.0,88578.0,0.2400671516508114,0.06849900386613196
OK,2,28705.0,6859.0,469471.0,37561.0,167199.0,54526.0,209917.0,0.23894791848110086,0.08005277033608055
AR,2,19397.0,4584.0,317878.0,23083.0,103000.0,52240.0,139074.0,0.2363252049285972,0.072725955191763
PA,3,114297.0,26707.0,2213457.0,115187.0,694862.0,329924.0,1069566.0,0.23366317576139356,0.05213168900843117
NM,1,16391.0,3829.0,228157.0,9495.0,83810.0,25556.0,108933.0,0.23360380696723812,0.041682397253659006
SD,1,5255.0,1227.0,86444.0,7624.0,31883.0,13465.0,33266.0,0.2334919124643197,0.08840650293374151
CA,13,481111.0,112292.0,7010799.0,303901.0,2322002.0,1583525.0,2785967.0,0.23340143958462808,0.043443007864459406
IN,1,32061.0,7448.0,519187.0,26714.0,171897.0,76144.0,243505.0,0.2323071644677334,0.05154555628449041
AK,1,15987.0,3702.0,190290.0,8635.0,56602.0,37103.0,85053.0,0.23156314505535747,0.04607962944186816
NC,8,237804.0,54923.0,4590958.0,273325.0,1437585.0,674250.0,2198719.0,0.23095910918235185,0.059627446536001494
KY,3,54102.0,12438.0,929938.0,65395.0,307089.0,133262.0,423034.0,0.2298990795164689,0.07040956954284115
OH,3,64569.0,14770.0,1073738.0,68963.0,354370.0,150394.0,498546.0,0.22874754138983103,0.06431477804626247
AL,4,26304.0,5933.0,413901.0,33441.0,138358.0,60397.0,180927.0,0.22555504866180048,0.08094683665639531
MO,2,80018.0,17886.0,1136379.0,52069.0,371657.0,149320.0,560994.0,0.2235247069409383,0.04591460618673063
NY,6,238339.0,53029.0,4395006.0,274836.0,1454021.0,1097057.0,1563054.0,0.22249401063191504,0.06261973201900765
MD,1,66384.0,14726.0,893567.0,32277.0,244000.0,181223.0,433321.0,0.22183056158110387,0.036232868331572785
IL,2,263364.0,58389.0,4812035.0,342361.0,1466404.0,965875.0,2030991.0,0.22170456098783434,0.07124163299262885
TN,3,96210.0,21277.0,1460121.0,84305.0,470791.0,215009.0,687066.0,0.22115164743789628,0.0578552551485035
SC,4,47233.0,10340.0,747609.0,48589.0,248892.0,117058.0,331631.0,0.21891474181186882,0.06511786858222657
ND,1,4550.0,992.0,75030.0,15075.0,28549.0,8667.0,22727.0,0.21802197802197804,0.20095177157482205
ME,2,11366.0,2451.0,176704.0,16025.0,60872.0,28985.0,70768.0,0.2156431462255851,0.09071610529295217
MS,2,8687.0,1872.0,127207.0,14141.0,41107.0,18084.0,53735.0,0.21549441694486013,0.11128774583487451
AZ,2,141091.0,29905.0,2204001.0,102662.0,836549.0,246839.0,1012668.0,0.21195540466790935,0.046691754013020316
VA,4,178513.0,37444.0,2987090.0,184146.0,967838.0,510726.0,1319403.0,0.20975503184642014,0.061750175127501875
CO,1,209093.0,43503.0,3195297.0,178100.0,1026867.0,622952.0,1364016.0,0.20805574552950123,0.05579687556294223
VT,1,5667.0,1172.0,86919.0,9866.0,27393.0,13525.0,35968.0,0.20681136403740957,0.11372648469199557
OR,2,52956.0,10925.0,648088.0,31199.0,225276.0,96277.0,294013.0,0.20630334617418233,0.04823854104659343
MT,2,11406.0,2353.0,150815.0,12222.0,56735.0,16682.0,65055.0,0.20629493249167105,0.08110475533199729
WA,2,138233.0,28454.0,1671131.0,97218.0,600936.0,314074.0,654275.0,0.20584086289091605,0.058336528647113146
MI,3,102677.0,20992.0,1716317.0,147592.0,744429.0,237833.0,584305.0,0.20444695501426804,0.08610169768382046
NJ,1,95136.0,19450.0,1692754.0,113136.0,428351.0,599167.0,550908.0,0.20444416414396233,0.06688256179791223
MN,1,85358.0,17443.0,1353368.0,126901.0,595807.0,232059.0,397574.0,0.20435108601419902,0.09383801866541057
GA,2,241319.0,45886.0,3679874.0,198685.0,1460830.0,609930.0,1404517.0,0.19014665235642447,0.05407922019879356
ID,1,17634.0,3342.0,196774.0,11945.0,81183.0,25635.0,77289.0,0.18952024498128614,0.06092771305571991
UT,1,76357.0,12982.0,975029.0,85387.0,440192.0,98929.0,349308.0,0.17001715625286484,0.0876828887592728
HI,2,59457.0,9569.0,504041.0,13866.0,241522.0,64659.0,182703.0,0.16093983887515348,0.027580308304326204
